pdb_id,length,time_s,rmsd,mode,n_anchors,contact_mean_score,source
1A8O,33,35.3843394,7.352416333683873,segment_assemble_tertiary,5,0.93251953125,esm
1CRN,46,203.4643118,13.711369503171584,segment_assemble_tertiary,0,0.609375,esm
2GB1,56,100.6375894,10.98635990336403,segment_assemble_tertiary,12,0.9777425130208334,esm
1UBQ,76,135.06985079999998,12.947304254049957,segment_assemble_tertiary,12,0.9993489583333334,esm
3GB1,56,100.36973740000008,10.631207292661305,segment_assemble_tertiary,12,0.9777425130208334,esm
