{
  "n_domains": 103,
  "n_long": 100,
  "domains": {
    "mean_rmsd": 25.877471844660192,
    "median_rmsd": 24.7297,
    "std_rmsd": 9.234464255290543,
    "mean_time_s": 2.6733786407766997,
    "length_rmsd_pearson": 0.7779558831276235,
    "by_class": {
      "all_alpha": {
        "n": 34,
        "mean_rmsd": 26.983526470588235,
        "mean_time_s": 2.9515000000000002
      },
      "all_beta": {
        "n": 33,
        "mean_rmsd": 27.277996969696968,
        "mean_time_s": 2.277969696969697
      },
      "alpha_beta": {
        "n": 36,
        "mean_rmsd": 23.549049999999998,
        "mean_time_s": 2.7731666666666666
      }
    }
  },
  "long": {
    "mean_time_s": 0.36048,
    "mean_tile_rmsd": 26.337221000000003,
    "min_length": 10000,
    "max_length": 50000
  }
}