pdb_id,length,time_s,rmsd,mode,n_anchors,contact_mean_score,source
1A8O,33,32.744289099999996,7.352416333683873,segment_assemble_tertiary,5,0.93251953125,esm
1CRN,46,6.7273118000000025,14.333642047783137,segment_assemble_tertiary,0,0.609375,esm
2GB1,56,61.02785239999999,10.98635990336403,segment_assemble_tertiary,12,0.9777425130208334,esm
1UBQ,76,82.1698946,12.947304254049957,segment_assemble_tertiary,12,0.9993489583333334,esm
3GB1,56,60.37559710000002,10.631207292661305,segment_assemble_tertiary,12,0.9777425130208334,esm
